checked_at,site,status,cheapest_ga_price,listing,url
2026-10-01T00:47:36+00:00,StubHub,blocked,,,https://www.stubhub.com/john-summit-boston-tickets-10-29-2026/event/161191071/
2026-10-01T00:47:36+00:00,Vivid Seats,no_ga_listings,,,https://www.vividseats.com/john-summit-tickets-boston-td-garden-10-29-2026--concerts-dance-electronica/production/7058770
2026-10-01T00:47:36+00:00,SeatGeek,blocked,,,https://seatgeek.com/john-summit-tickets/boston-massachusetts-td-garden-2026-10-29-7-pm/concert/18257236
2026-10-01T00:47:36+00:00,Ticketmaster,blocked,,,
2026-10-01T00:47:36+00:00,Gametime,ok,533.0,"Floor FLOOR, Row GA TOP 10% VALUE Includes Fees $533/ea",https://gametime.co/concert/john-summit-tickets/10-29-2026-boston-ma-td-garden/events/6a0e00dc90889bde35083dd4
2026-10-01T00:47:36+00:00,TickPick,error,,,
2026-10-01T01:07:32+00:00,StubHub,blocked,,,https://www.stubhub.com/john-summit-boston-tickets-10-29-2026/event/161191071/
2026-10-01T01:07:32+00:00,Vivid Seats,no_ga_listings,,,https://www.vividseats.com/john-summit-tickets-boston-td-garden-10-29-2026--concerts-dance-electronica/production/7058770
2026-10-01T01:07:32+00:00,SeatGeek,blocked,,,https://seatgeek.com/john-summit-tickets/boston-massachusetts-td-garden-2026-10-29-7-pm/concert/18257236
2026-10-01T01:07:32+00:00,Ticketmaster,blocked,,,
2026-10-01T01:07:32+00:00,Gametime,ok,533.0,"Floor FLOOR, Row GA TOP 10% VALUE Includes Fees $533/ea",https://gametime.co/concert/john-summit-tickets/10-29-2026-boston-ma-td-garden/events/6a0e00dc90889bde35083dd4
2026-10-01T01:07:32+00:00,TickPick,error,,,
2026-10-01T01:38:26+00:00,StubHub,blocked,,,https://www.stubhub.com/john-summit-boston-tickets-10-29-2026/event/161191071/
2026-10-01T01:38:26+00:00,Vivid Seats,no_ga_listings,,,https://www.vividseats.com/john-summit-tickets-boston-td-garden-10-29-2026--concerts-dance-electronica/production/7058770
2026-10-01T01:38:26+00:00,SeatGeek,blocked,,,https://seatgeek.com/john-summit-tickets/boston-massachusetts-td-garden-2026-10-29-7-pm/concert/18257236
2026-10-01T01:38:26+00:00,Ticketmaster,blocked,,,
2026-10-01T01:38:26+00:00,Gametime,no_ga_listings,,,https://gametime.co/concert/john-summit-tickets/10-29-2026-boston-ma-td-garden/events/6a0e00dc90889bde35083dd4
2026-10-01T01:38:26+00:00,TickPick,error,,,
